,well,treatment,target46,N3,(-)-MK 801 Maleate,GluR92,L6,(-)-Parthenolide,E3 Ligase 298,J19,(+)-Bicuculline,GABA Receptor334,N21,(+)-JQ1,Epigenetic Reader Domain234,J15,(R)-Nepicastat HCl,Hydroxylase209,A14,17-AAG (Tanespimycin),HSP (e.g. HSP90)287,O18,2-Methoxyestradiol (2-MeOE2),HIF9,I1,2d5Aza,DNA Methyltransferase186,J12,"5-hydroxymethyl Tolterodine (PNU 200577, 5-HMT, 5-HM)",AChR218,J14,A-769662,AMPK17,A2,ABT-263 (Navitoclax),Bcl-2369,A24,AC220,RTK Inhibitor257,A17,Acadesine,AMPK191,O12,ADL5859 HCl,Opioid Receptor5,E1,AdMyoD,Positive Control6,F1,AdMyoD,Positive Control7,G1,AdMyoD,Positive Control8,H1,AdMyoD,Positive Control377,I24,AdMyoD,Positive Control378,J24,AdMyoD,Positive Control379,K24,AdMyoD,Positive Control380,L24,AdMyoD,Positive Control214,F14,ADX-47273,GluR26,J2,AG-14361,PARP307,C20,Agomelatine,5-HT Receptor231,G15,Allopurinol,OX Receptor167,G11,AM1241,Cannabinoid Receptor356,D23,AMG-517,TRPV267,K17,Amlodipine,Calcium Channel254,N16,Anacetrapib (MK-0859),CETP249,I16,Anastrozole,Aromatase337,A22,Aniracetam,AMPA Receptor-kainate Receptor-NMDA Receptor240,P15,AP26113,ALK60,L4,Apatinib,VEGFR86,F6,Apigenin,P450 (e.g. CYP17)207,O13,Apixaban,Factor Xa106,J7,Apoptosis Activator 2,Caspase370,B24,Apremilast,PDE4 Inhibitor251,K16,Aprepitant,Substance P192,P12,AS-252424,PI3K318,N20,AT101,Bcl-2238,N15,Ataluren (PTC124),CFTR335,O21,Atorvastatin Calcium,HMG-CoA Reductase89,I6,AUY922 (NVP-AUY922),HSP (e.g. HSP90)250,J16,AZ 3146,Kinesin292,D19,AZ20,ATM/ATR270,N17,AZD2461,PARP332,L21,AZD3463,ALK310,F20,AZD4547,FGFR103,G7,AZD6482,PI3K141,M9,AZD7762,Chk365,M23,Bazedoxifene HCl,Estrogen/progestogen Receptor117,E8,Belinostat (PXD101),HDAC88,H6,Bergenin,Others159,O10,BI 2536,PLK350,N22,BI-D1870,S6 Kinase247,G16,BIBR 1532,Telomerase262,F17,Birinapant,IAP281,I18,Bisoprolol fumarate,Adrenergic Receptor352,P22,BML-190,Cannabinoid Receptor160,P10,BMS-378806,gp120/CD443,K3,BMS-707035,Integrase25,I2,Bortezomib (PS-341),Proteasome140,L9,Bosentan Hydrate,Endothelin Receptor27,K2,Bosutinib (SKI-606),Src162,B11,Brinzolamide,Carbonic Anhydrase149,E10,BTZ043 Racemate,Others114,B8,Bupivacaine HCl,cAMP319,O20,BX-912,PDK-1256,P16,Canagliflozin,SGLT201,I13,Candesartan,RAAS327,G21,Captopril,RAAS259,C17,Carvedilol,Adrenergic Receptor182,F12,CCT128930,Akt59,K4,Celecoxib,COX219,K14,CEP-18770 (Delanzomib),Proteasome16,P1,CEP-701,RTK Inhibitor294,F19,CGI1746,BTK20,D2,CGS 21680 HCl,5-alpha Reductase10,J1,CHIR,GSK3 Inhibitor212,D14,CHIR-124,Chk77,M5,Cilomilast,PDE313,I20,Cinacalcet HCl,CaSR261,E17,Clemastine Fumarate,Histamine Receptor341,E22,Costunolide,Telomerase161,A11,CP-673451,PDGFR242,B16,CP-91149,Phosphorylase371,C24,CPA,Adenosine Receptor Agonist248,H16,Crenolanib (CP-868596),PDGFR90,J6,Cryptotanshinone,STAT323,C21,Cyproterone Acetate,Androgen Receptor314,J20,Dabrafenib (GSK2118436),Raf274,B18,"Dalcetrapib (JTT-705, RO4607381)",CETP171,K11,Dapagliflozin,SGLT374,F24,DAPT,Gamma Secretase Inhibitor138,J9,Daunorubicin HCl,Telomerase180,D12,DCC-2036 (Rebastinib),Bcr-Abl1,A1,DMSO,Negative Control2,B1,DMSO,Negative Control3,C1,DMSO,Negative Control4,D1,DMSO,Negative Control381,M24,DMSO,Negative Control382,N24,DMSO,Negative Control383,O24,DMSO,Negative Control384,P24,DMSO,Negative Control163,C11,DMXAA (Vadimezan),VDA343,G22,Doxazosin Mesylate,Adrenergic Receptor279,G18,Dutasteride,5-alpha Reductase291,C19,"Elvitegravir (GS-9137, JTK-303)",Integrase268,L17,Embelin,IAP233,I15,Enalaprilat Dihydrate,RAAS142,N9,Entacapone,Histone Methyltransferase309,E20,Enzalutamide (MDV3100),Androgen Receptor83,C6,Enzastaurin (LY317615),PKC362,J23,EPZ-6438,Histone Methyltransferase82,B6,Esomeprazole Sodium,ATPase345,I22,Etodolac,COX315,K20,Etomidate,GABA Receptor202,J13,EUK 134,Beta Amyloid185,I12,Everolimus (RAD001),mTOR165,E11,EX 527 (Selisistat),Sirtuin273,A18,Exemestane,Aromatase265,I17,Felodipine,Calcium Channel21,E2,FG-4592,HIF275,C18,Finasteride,5-alpha Reductase236,L15,Fingolimod (FTY720) HCl,S1P Receptor269,M17,Fluvastatin Sodium,HMG-CoA Reductase349,M22,Fluvoxamine maleate,5-HT Receptor301,M19,Formoterol Hemifumarate,Adrenergic Receptor96,P6,Forskolin,cAMP150,F10,Fostamatinib (R788),Syk253,M16,Fulvestrant,Estrogen/progestogen Receptor223,O14,Ganetespib (STA-9090),HSP (e.g. HSP90)316,L20,GDC-0068,Akt260,D17,GDC-0152,IAP85,E6,GDC-0941,PI3K303,O19,Ginkgolide A,GABA Receptor351,O22,Ginkgolide B,PAFR146,B10,Gliclazide,Potassium Channel144,P9,Gliquidone,Potassium Channel72,H5,GNF-2,Bcr-Abl76,L5,Go 6983,PKC296,H19,GSK J4 HCl,Histone demethylases367,O23,GSK1292263,GPR145,A10,GSK1904529A,IGF-1R272,P17,GSK2656157,PERK107,K7,GSK429286A,ROCK50,B4,GSK461364,PLK179,C12,GSK690693,Akt156,L10,GW3965 HCl,Liver X Receptor282,J18,GW4064,FXR80,P5,GW9662,PPAR203,K13,H 89 2HCl,PKA93,M6,HA14-1,Bcl-2100,D7,HC-030031,Others328,H21,HSP990 (NVP-HSP990),HSP (e.g. HSP90)280,H18,I-BET151 (GSK1210151A),Epigenetic Reader Domain210,B14,Ibrutinib (PCI-32765),BTK188,L12,ICG-001,Wnt/beta-catenin104,H7,Icotinib,EGFR196,D13,Ifenprodil Tartrate,GluR48,P3,IKK-16 (IKK Inhibitor VII),I_B/IKK118,F8,Imatinib (STI571),PDGFR40,H3,IMD 0354,I_B/IKK361,I23,Imidapril HCl,RAAS119,G8,Iniparib (BSI-201),PARP102,F7,IOX2,HIF326,F21,IPA-3,PAK277,E18,Irinotecan,Topoisomerase58,J4,Irinotecan HCl Trihydrate,Topoisomerase47,O3,Isotretinoin,Hydroxylase75,K5,Ispinesib (SB-715992),Kinesin286,N18,Istradefylline,Others211,C14,Ivacaftor (VX-770),CFTR322,B21,IWP-2,Wnt/beta-catenin11,K1,Jak3 VI,STAT346,J22,JNJ-1661010,FAAH74,J5,Ki16198,LPA Receptor339,C22,Ki16425,LPA Receptor360,H23,KPT-185,CRM1127,O8,KU-55933 (ATM Kinase Inhibitor),ATM/ATR197,E13,KU-60019,ATM/ATR220,L14,KX2-391,Src208,P13,Labetalol HCl,Adrenergic Receptor331,K21,Lafutidine,Histamine Receptor18,B2,"LDE225 (NVP-LDE225,Erismodegib)",Hedgehog/Smoothened304,P19,LDK378,ALK49,A4,Lenalidomide (CC-5013),TNF-alpha305,A20,Letrozole,Aromatase359,G23,Levosulpiride,Dopamine Receptor35,C3,Lidocaine,Histamine Receptor132,D9,Linagliptin,DPP-437,E3,Loratadine,Histamine Receptor39,G3,Losartan Potassium (DuP 753),RAAS329,I21,Lovastatin,HMG-CoA Reductase64,P4,LY2157299,TGF-beta/Smad131,C9,LY2228820,p38 MAPK152,H10,LY2603618,Chk28,L2,LY2784544,JAK224,P14,LY411575,Gamma-secretase293,E19,Maraviroc,CCR325,E21,Memantine HCl,AMPA Receptor-kainate Receptor-NMDA Receptor283,K18,Methotrexate,DHFR206,N13,MetoclopraMide HCl,Dopamine Receptor166,F11,Mirabegron,Adrenergic Receptor137,I9,MK-1775,Wee1113,A8,MK-2206 2HCl,Akt243,C16,MK-2866 (GTx-024),Androgen Receptor221,M14,MK-8245,Dehydrogenase38,F3,ML130 (Nodinitib-1),NOD1344,H22,ML133 HCl,Potassium Channel98,B7,ML161,Others30,N2,MLN2238,Proteasome151,G10,MLN8054,Aurora Kinase232,H15,"MNS (3,4-Methylenedioxy-_-nitrostyrene, MDBN)",p97164,D11,Moclobemide (Ro 111163),MAO34,B3,MRS 2578,P2 Receptor56,H4,Mubritinib (TAK 165),HER2363,K23,Naftopidil,Adrenergic Receptor357,E23,Naltrexone HCl,Opioid Receptor229,E15,Naproxen,COX173,M11,Nebivolol,Adrenergic Receptor53,E4,Nilotinib (AMN-107),Bcr-Abl244,D16,Nilvadipine,Calcium Channel336,P21,NLG919,IDO178,B12,NPS-2143,CaSR121,I8,NVP-ADW742,IGF-1R340,D22,OC000459,GPR181,E12,Odanacatib (MK-0822),Cathepsin K109,M7,Oligomycin A,ATPase143,O9,Org 27569,Cannabinoid Receptor54,F4,OSI-420,EGFR125,M8,OSI-906 (Linsitinib),IGF-1R204,L13,Ospemifene,Estrogen/progestogen157,M10,OSU-03012 (AR-12),PDK-1168,H11,Ouabain,Sodium Channel65,A5,Oxcarbazepine,Sodium Channel120,H8,Oxymetazoline HCl,Adrenergic Receptor122,J8,Ozagrel,Factor Xa333,M21,Ozagrel HCl,Others368,P23,P22077,DUB252,L16,PAC-1,Caspase183,G12,Palbociclib (PD-0332991) HCl,CDK124,L8,Pancuronium dibromide,AChR51,C4,Panobinostat (LBH589),HDAC55,G4,PD0325901,MEK24,H2,PD128907 HCl,Dopamine Receptor29,M2,PD184352 (CI-1040),MEK147,C10,PF-04217903,c-Met190,N12,PF-3845,FAAH22,F2,PF-4708671,S6 Kinase278,F18,PF-5274857,Hedgehog/Smoothened66,B5,PF-562271,FAK299,K19,PF-573228,FAK285,M18,PFI-1 (PF-6405761),Epigenetic Reader Domain91,K6,PHA-665752,c-Met129,A9,PHA-793887,CDK130,B9,Piceatannol,Syk108,L7,Pifithrin-_,p53175,O11,Pimobendan,PDE154,J10,PNU-120596,AChR195,C13,Pomalidomide,TNF-alpha258,B17,PP2,Src366,N23,PR-619,DUB133,E9,Pralatrexate,DHFR116,D8,Pramipexole,Dopamine Receptor174,N11,Propranolol HCl,Adrenergic Receptor364,L23,PYR-41,E1 Activating297,I19,Pyrimethamine,DHFR139,K9,Quizartinib (AC220),FLT3373,E24,RA,Embryonic Patterning295,G19,Raltegravir (MK-0518),Integrase311,G20,Ramelteon,MT Receptor239,O15,Ranitidine,Histamine Receptor355,C23,Rasagiline Mesylate,MAO321,A21,Rebamipide,Others123,K8,"Refametinib (RDEA119, Bay 86-9766)",MEK372,D24,Repsox,TGF-beta/Smad31,O2,"Ridaforolimus (Deforolimus, MK-8669)",mTOR41,I3,Rigosertib (ON-01910),PLK112,P7,Rimonabant,Cannabinoid Receptor110,N7,Rivaroxaban,Factor Xa227,C15,Rizatriptan Benzoate,5-HT Receptor71,G5,Rolipram,PDE94,N6,Rotundine,Dopamine Receptor263,G17,Roxatidine Acetate HCl,Histamine Receptor45,M3,Ruxolitinib (INCB018424),JAK217,I14,S3I-201,STAT105,I7,Safinamide Mesylate,MAO375,G24,SAG (NEW),Shh agonist324,D21,SANT-1,Hedgehog/Smoothened348,L22,SAR131675,VEGFR95,O6,SB203580,p38 MAPK169,I11,SB408124,OX Receptor246,F16,SB415286,GSK-387,G6,SB431542,TGF-beta/Smad376,H24,SB431542,TGF-beta/Smad276,D18,SB705498,TRPV68,D5,SB742457,5-HT Receptor32,P2,SB743921,Kinesin228,D15,SC-514,I_B/IKK358,F23,SC144,Others23,G2,Selumetinib (AZD6244),MEK225,A15,Semagacestat (LY450139),Gamma-secretase170,J11,Sertraline HCl,5-HT Receptor302,N19,SGC 0946,Histone Methyltransferase52,D4,SGI-1776 free base,Pim312,H20,Sirtinol,Sirtuin136,H9,Sitaxentan sodium,Endothelin Receptor230,F15,SN-38,Topoisomerase213,E14,SNS-032 (BMS-387032),CDK215,G14,SNS-314 Mesylate,Aurora Kinase172,L11,Sodium 4-Aminosalicylate,NF-_B288,P18,Sotrastaurin,PKC101,E7,SP600125,JNK187,K12,SRT1720,Sirtuin266,J17,Stattic,STAT67,C5,Stavudine (d4T),Reverse Transcriptase115,C8,SU11274,c-Met12,L1,Sunitinib,RTK44,L3,T0070907,PPAR300,L19,T0901317,Liver X Receptor135,G9,Tadalafil,PDE338,B22,TAE226 (NVP-TAE226),FAK255,O16,TAK-700 (Orteronel),P450 (e.g. CYP17)184,H12,TAK-875,GPR57,I4,Tandutinib (MLN518),FLT3235,K15,Telmisartan,RAAS347,K22,"Temsirolimus (CCI-779, NSC 683864)",mTOR69,E5,Tenofovir Disoproxil Fumarate,Reverse Transcriptase226,B15,Tenovin-6,p5333,A3,TG100-115,PI3K99,C7,Thiazovivin,ROCK176,P11,Ticagrelor,P2 Receptor199,G13,Tie2 kinase inhibitor,Tie-2148,D10,Tioxolone,Carbonic Anhydrase284,L18,"Tofacitinib (CP-690550,Tasocitinib)",JAK198,F13,Tolazoline HCl,Adrenergic Receptor289,A19,Tolfenamic Acid,COX128,P8,Tolvaptan,Vasopressin Receptor306,B20,Torcetrapib,CETP237,M15,Toremifene Citrate,Estrogen/progestogen Receptor342,F22,TPCA-1,I_B/IKK14,N1,Tranyl,Histone demethylases200,H13,Tranylcypromine (2-PCPA) HCl,Histone demethylases194,B13,Triamterene,Sodium Channel61,M4,Trichostatin A (TSA),HDAC353,A23,Trimebutine,Opioid Receptor271,O17,Tropicamide,AChR126,N8,Trospium chloride,AChR84,D6,Tubacin,HDAC205,M13,TWS119,GSK-3320,P20,Tyrphostin AG 879,HER242,J3,U-104,Carbonic Anhydrase153,I10,U0126-EtOH,MEK158,N10,URB597,FAAH63,O4,Vandetanib (ZD6474),VEGFR177,A12,Varespladib (LY315920),Phospholipase (e.g. PLA)330,J21,VE-822,ATM/ATR19,C2,Veliparib (ABT-888),PARP317,M20,"Vemurafenib (PLX4032, RG7204)",Raf134,F9,Vildagliptin (LAF-237),DPP-415,O1,VitC,Antioxidant73,I5,Voriconazole,P450 (e.g. CYP17)13,M1,VPA,Others264,H17,VS-5584 (SB2343),PI3K308,D20,VU 0357121,GluR36,D3,VU 0364770,GluR81,A6,"VX-680 (Tozasertib, MK-0457)",Aurora Kinase97,A7,VX-745,p38 MAPK62,N4,VX-765,Caspase193,A13,VX-809 (Lumacaftor),CFTR290,B19,Wnt-C59 (C59),Wnt/beta-catenin241,A16,WZ4002,EGFR78,N5,WZ811,CXCR245,E16,XAV-939,Wnt/beta-catenin216,H14,XL335,FXR189,M12,YM155 (Sepantronium Bromide),Survivin222,N14,YO-01027,Gamma-secretase354,B23,Zebularine,DNA Methyltransferase79,O5,Zibotentan (ZD4054),Endothelin Receptor70,F5,ZM 306416,VEGFR155,K10,ZM 447439,Aurora Kinase111,O7,Zosuquidar (LY335979) 3HCl,P-gp